-- phpMyAdmin SQL Dump
-- version 3.4.11.1deb2+deb7u1
-- http://www.phpmyadmin.net
--
-- Host: localhost
-- Generation Time: Nov 28, 2014 at 12:37 PM
-- Server version: 5.5.30
-- PHP Version: 5.4.35-0+deb7u2

SET SQL_MODE="NO_AUTO_VALUE_ON_ZERO";
SET time_zone = "+00:00";


/*!40101 SET @OLD_CHARACTER_SET_CLIENT=@@CHARACTER_SET_CLIENT */;
/*!40101 SET @OLD_CHARACTER_SET_RESULTS=@@CHARACTER_SET_RESULTS */;
/*!40101 SET @OLD_COLLATION_CONNECTION=@@COLLATION_CONNECTION */;
/*!40101 SET NAMES utf8 */;

--
-- Database: `wificaptures`
--

-- --------------------------------------------------------

--
-- Table structure for table `aps`
--

CREATE TABLE IF NOT EXISTS `aps` (
  `id` int(11) NOT NULL AUTO_INCREMENT,
  `AP_Mac` varchar(17) NOT NULL DEFAULT '00:00:00:00:00:00',
  PRIMARY KEY (`id`),
  UNIQUE KEY `AP_Mac` (`AP_Mac`)
) ENGINE=InnoDB  DEFAULT CHARSET=latin1 AUTO_INCREMENT=123 ;

--
-- Dumping data for table `aps`
--

INSERT INTO `aps` (`id`, `AP_Mac`) VALUES
(70, '00:03:7F:00:00:00'),
(23, '00:08:30:39:CD:50'),
(42, '00:15:00:BF:DE:1B'),
(62, '00:15:77:EF:3C:30'),
(22, '00:E3:B2:FD:44:D2'),
(87, '02:1A:11:FF:50:31'),
(121, '04:46:65:7D:9C:11'),
(122, '08:37:3D:A6:C5:5E'),
(29, '0C:68:03:4C:80:F0'),
(72, '0C:68:03:4C:80:F3'),
(65, '0C:68:03:4C:80:F9'),
(71, '0C:68:03:4C:80:FD'),
(74, '0C:68:03:4C:F6:10'),
(91, '0C:68:03:4C:F6:13'),
(113, '0C:68:03:4C:F6:19'),
(107, '0C:68:03:4C:F6:1D'),
(26, '0C:68:03:4C:F7:00'),
(51, '0C:68:03:4C:F7:03'),
(38, '0C:68:03:4C:F7:09'),
(52, '0C:68:03:4C:F7:0D'),
(79, '0C:68:03:5F:21:B3'),
(81, '0C:68:03:5F:21:B9'),
(80, '0C:68:03:5F:21:BD'),
(114, '0C:68:03:5F:5C:20'),
(90, '0C:68:03:5F:5C:23'),
(115, '0C:68:03:5F:5C:29'),
(111, '0C:68:03:5F:5C:2D'),
(109, '0C:68:03:5F:5C:A0'),
(89, '0C:68:03:5F:5C:A3'),
(97, '0C:68:03:5F:5C:A9'),
(88, '0C:68:03:5F:5C:AD'),
(21, '28:3C:E4:D8:C4:A0'),
(41, '2A:A4:3C:D1:E4:E7'),
(54, '2E:A4:3C:D1:E4:E7'),
(17, '34:08:04:DA:E5:76'),
(49, '44:D4:E0:81:6D:F3'),
(10, '54:04:A6:5B:9A:C0'),
(13, '58:6D:8F:D1:BC:9E'),
(12, '5C:0E:8B:1D:76:E0'),
(1, '5C:0E:8B:BD:D1:50'),
(18, '5C:0E:8B:BD:E5:70'),
(44, '60:21:C0:AE:49:CB'),
(3, '64:66:B3:4D:FB:4C'),
(15, '72:F3:A3:4C:92:98'),
(14, '72:F3:A3:4C:92:99'),
(11, '74:D0:2B:58:4D:D8'),
(20, '80:1F:02:09:3E:86'),
(53, '80:B6:86:37:C0:0E'),
(6, '88:53:D4:9A:0A:E1'),
(63, '90:F6:52:36:11:B0'),
(25, 'A0:CF:5B:CA:E0:D0'),
(5, 'A0:F3:C1:79:57:24'),
(19, 'A0:F3:C1:C8:5E:48'),
(7, 'B8:A3:86:0B:52:BC'),
(117, 'C0:C1:C0:12:C7:B0'),
(24, 'C0:C1:C0:D7:9D:BB'),
(16, 'C0:C1:C0:D7:9F:EB'),
(9, 'C8:D3:A3:31:37:B0'),
(30, 'D0:C7:89:B4:E6:F0'),
(76, 'D0:C7:89:B4:E6:F3'),
(64, 'D0:C7:89:B4:E6:F9'),
(75, 'D0:C7:89:B4:E6:FD'),
(108, 'D0:C7:89:B4:E7:B0'),
(104, 'D0:C7:89:B4:E7:B3'),
(102, 'D0:C7:89:B4:E7:B9'),
(103, 'D0:C7:89:B4:E7:BD'),
(28, 'D0:C7:89:B4:F1:E0'),
(48, 'D0:C7:89:B4:F1:E3'),
(50, 'D0:C7:89:B4:F1:E9'),
(47, 'D0:C7:89:B4:F1:ED'),
(119, 'D0:C7:89:B4:F4:93'),
(120, 'D0:C7:89:B4:F4:99'),
(118, 'D0:C7:89:B4:F4:9D'),
(60, 'D0:C7:89:B5:1A:D0'),
(34, 'D0:C7:89:B5:1A:D3'),
(35, 'D0:C7:89:B5:1A:D9'),
(36, 'D0:C7:89:B5:1A:DD'),
(27, 'D0:C7:89:B8:E7:00'),
(46, 'D0:C7:89:B8:E7:03'),
(45, 'D0:C7:89:B8:E7:09'),
(43, 'D0:C7:89:B8:E7:0D'),
(61, 'D0:C7:89:B8:E7:30'),
(39, 'D0:C7:89:B8:E7:33'),
(40, 'D0:C7:89:B8:E7:39'),
(37, 'D0:C7:89:B8:E7:3D'),
(59, 'D0:C7:89:B8:EF:F0'),
(33, 'D0:C7:89:B8:EF:F3'),
(32, 'D0:C7:89:B8:EF:F9'),
(31, 'D0:C7:89:B8:EF:FD'),
(94, 'D0:C7:89:B8:FE:B3'),
(92, 'D0:C7:89:B8:FE:B9'),
(93, 'D0:C7:89:B8:FE:BD'),
(83, 'D0:C7:89:B9:10:C3'),
(84, 'D0:C7:89:B9:10:C9'),
(82, 'D0:C7:89:B9:10:CD'),
(73, 'D0:C7:89:CC:E1:70'),
(96, 'D0:C7:89:CC:E1:73'),
(98, 'D0:C7:89:CC:E1:79'),
(95, 'D0:C7:89:CC:E1:7D'),
(110, 'D0:C7:89:CC:F0:40'),
(106, 'D0:C7:89:CC:F0:43'),
(112, 'D0:C7:89:CC:F0:49'),
(105, 'D0:C7:89:CC:F0:4D'),
(69, 'D0:C7:89:CC:F2:C0'),
(67, 'D0:C7:89:CC:F2:C3'),
(68, 'D0:C7:89:CC:F2:CD'),
(58, 'D0:C7:89:CC:FF:C0'),
(55, 'D0:C7:89:CC:FF:C3'),
(66, 'D0:C7:89:CC:FF:C9'),
(56, 'D0:C7:89:CC:FF:CD'),
(116, 'D0:C7:89:CD:0C:E0'),
(86, 'D0:C7:89:CD:0C:E3'),
(78, 'D0:C7:89:CD:0C:E9'),
(85, 'D0:C7:89:CD:0C:ED'),
(8, 'D4:6E:5C:29:00:DA'),
(77, 'E8:99:C4:94:08:1C'),
(57, 'F8:4F:57:31:1D:00'),
(100, 'F8:4F:57:31:1D:03'),
(101, 'F8:4F:57:31:1D:09'),
(99, 'F8:4F:57:31:1D:0D'),
(2, 'F8:D1:11:7D:E9:40'),
(4, 'F8:D1:11:B8:7C:9A');

-- --------------------------------------------------------

--
-- Table structure for table `aps_details`
--

CREATE TABLE IF NOT EXISTS `aps_details` (
  `id` int(11) NOT NULL AUTO_INCREMENT,
  `id_APs` int(11) NOT NULL,
  `Encryption_Type` varchar(100) NOT NULL,
  `Transmssion_Channel` text NOT NULL,
  `Frequency` text NOT NULL,
  `GPS_Location` varchar(100) NOT NULL,
  `HandShake` text NOT NULL,
  `Password` text NOT NULL,
  `Cap_File_Location` text NOT NULL,
  `DateTime` text NOT NULL,
  PRIMARY KEY (`id`),
  UNIQUE KEY `id_APs` (`id_APs`)
) ENGINE=InnoDB  DEFAULT CHARSET=latin1 AUTO_INCREMENT=123 ;

--
-- Dumping data for table `aps_details`
--

INSERT INTO `aps_details` (`id`, `id_APs`, `Encryption_Type`, `Transmssion_Channel`, `Frequency`, `GPS_Location`, `HandShake`, `Password`, `Cap_File_Location`, `DateTime`) VALUES
(1, 1, 'WPA2 WPA TKIP', '1', '2412 24', '0,0', '', '', '', '2014-11-28 11:37:54'),
(2, 2, 'WPA2 TKIP', '8', '2447 58', '0,0', '', '', '', '2014-11-28 11:37:54'),
(3, 3, 'WPA2 TKIP', '6', '2437 38', '0,0', '', '', '', '2014-11-28 11:37:54'),
(4, 4, 'WPA2 AES-CCM', '6', '2437 71', '0,0', '', '', '', '2014-11-28 11:37:54'),
(5, 5, 'OPN ', '6', '2437 155', '0,0', '', '', '', '2014-11-28 11:37:54'),
(6, 6, 'WPA2 AES-CCM', '11', '2462 84', '0,0', '', '', '', '2014-11-28 11:37:54'),
(7, 7, 'WPA2 AES-CCMTKIP', '1', '2412 20', '0,0', '', '', '', '2014-11-28 11:37:54'),
(8, 8, 'WPA2 AES-CCM', '1', '2412 119', '0,0', '', '', '', '2014-11-28 11:37:54'),
(9, 9, 'WPA2 AES-CCMTKIP', '12', '2467 108', '0,0', '', '', '', '2014-11-28 11:37:54'),
(10, 10, 'WPA2 AES-CCM', '1', '2412 96', '0,0', '', '', '', '2014-11-28 11:37:54'),
(11, 11, 'WPA2 AES-CCM', '1', '2412 91', '0,0', '', '', '', '2014-11-28 11:37:54'),
(12, 12, 'WPA2 WPA TKIP', '1', '2412 142', '0,0', '', '', '', '2014-11-28 11:37:54'),
(13, 13, 'WPA AES-CCMTKIP', '6', '2437 185', '0,0', '', '', '', '2014-11-28 11:37:54'),
(14, 14, 'WPA2 AES-CCM', '5', '2432 218', '0,0', '', '', '', '2014-11-28 11:37:54'),
(15, 15, 'OPN ', '5', '2432 228', '0,0', '', '', '', '2014-11-28 11:37:54'),
(16, 16, 'OPN ', '1', '2412 194', '0,0', '', '', '', '2014-11-28 11:37:54'),
(17, 17, 'OPN ', '6', '2437 258', '0,0', '', '', '', '2014-11-28 11:37:54'),
(18, 18, 'WPA2 WPA TKIP', '1', '2412 132', '0,0', '', '', '', '2014-11-28 11:37:54'),
(19, 19, 'WPA2 AES-CCMTKIP', '7', '2442 212', '0,0', '', '', '', '2014-11-28 11:37:54'),
(20, 20, 'WPA2 AES-CCM', '11', '2462 160', '0,0', '', '', '', '2014-11-28 11:37:54'),
(21, 21, 'WPA2 AES-CCM', '11', '2462 183', '0,0', '', '', '', '2014-11-28 11:37:54'),
(22, 22, 'WPA2 AES-CCM', '6', '2437 102', '0,0', '', '', '', '2014-11-28 11:37:54'),
(23, 23, 'OPN ', '8', '2447 267', '0,0', '', '', '', '2014-11-28 11:37:54'),
(24, 24, 'OPN ', '11', '2462 193', '0,0', '', '', '', '2014-11-28 11:37:54'),
(25, 25, 'OPN ', '12', '2467 224', '0,0', '', '', '', '2014-11-28 11:37:54'),
(26, 26, 'OPN ', '108', '5540 2', '0,0', '', '', '', '2014-11-28 11:42:32'),
(27, 27, 'OPN ', '108', '5540 2', '0,0', '', '', '', '2014-11-28 11:42:32'),
(28, 28, 'OPN ', '108', '5540 2', '0,0', '', '', '', '2014-11-28 11:42:32'),
(29, 29, 'OPN ', '108', '5540 2', '0,0', '', '', '', '2014-11-28 11:42:32'),
(30, 30, 'OPN ', '108', '5540 2', '0,0', '', '', '', '2014-11-28 11:42:32'),
(31, 31, 'WPA2 WPA AES-CCM TKIP ', '1', '2412 1318', '0,0', '', '', '', '2014-11-28 11:42:32'),
(32, 32, 'OPN ', '1', '2412 655', '0,0', '', '', '', '2014-11-28 11:42:32'),
(33, 33, 'WPA2 WPA AES-CCM TKIP ', '1', '2412 664', '0,0', '', '', '', '2014-11-28 11:42:32'),
(34, 34, 'WPA2 WPA AES-CCM TKIP ', '1', '2412 699', '0,0', '', '', '', '2014-11-28 11:42:32'),
(35, 35, 'OPN ', '1', '2412 1350', '0,0', '', '', '', '2014-11-28 11:42:32'),
(36, 36, 'WPA2 WPA AES-CCM TKIP ', '1', '2412 634', '0,0', '', '', '', '2014-11-28 11:42:32'),
(37, 37, 'WPA2 WPA AES-CCM TKIP ', '1', '2412 1877', '0,0', '', '', '', '2014-11-28 11:42:32'),
(38, 38, 'OPN ', '1', '2412 10588', '0,0', '', '', '', '2014-11-28 11:42:44'),
(39, 39, 'WPA2 WPA AES-CCM TKIP ', '1', '2412 797', '0,0', '', '', '', '2014-11-28 11:42:52'),
(40, 40, 'OPN ', '1', '2412 461', '0,0', '', '', '', '2014-11-28 11:43:01'),
(41, 41, 'WPA2 WPA AES-CCM ', '6', '2437 2', '0,0', '', '', '', '2014-11-28 11:43:13'),
(42, 42, 'WPA2 AES-CCM ', '5', '2432 4', '0,0', '', '', '', '2014-11-28 11:43:13'),
(43, 43, 'WPA2 WPA AES-CCM TKIP ', '6', '2437 2', '0,0', '', '', '', '2014-11-28 11:43:13'),
(44, 44, 'WPA2 AES-CCM ', '6', '2437 2', '0,0', '', '', '', '2014-11-28 11:43:17'),
(45, 45, 'OPN ', '6', '2437 18', '0,0', '', '', '', '2014-11-28 11:46:14'),
(46, 46, 'WPA2 WPA AES-CCM TKIP ', '6', '2437 10', '0,0', '', '', '', '2014-11-28 11:46:14'),
(47, 47, 'WPA2 WPA AES-CCM TKIP ', '6', '2437 14', '0,0', '', '', '', '2014-11-28 11:46:14'),
(48, 48, 'WPA2 WPA AES-CCM TKIP ', '6', '2437 9', '0,0', '', '', '', '2014-11-28 11:46:14'),
(49, 49, 'WPA2 AES-CCM ', '6', '2437 15', '0,0', '', '', '', '2014-11-28 11:46:14'),
(50, 50, 'OPN ', '6', '2437 14', '0,0', '', '', '', '2014-11-28 11:46:14'),
(51, 51, 'WPA2 WPA AES-CCM TKIP ', '1', '2412 969', '0,0', '', '', '', '2014-11-28 11:46:14'),
(52, 52, 'WPA2 WPA AES-CCM TKIP ', '1', '2412 964', '0,0', '', '', '', '2014-11-28 11:46:14'),
(53, 53, 'WPA2 AES-CCM ', '11', '2462 2', '0,0', '', '', '', '2014-11-28 11:46:22'),
(54, 54, 'OPN ', '6', '2437 38', '0,0', '', '', '', '2014-11-28 11:46:22'),
(55, 55, 'WPA2 WPA AES-CCM TKIP ', '11', '2462 2', '0,0', '', '', '', '2014-11-28 11:46:22'),
(56, 56, 'WPA2 WPA AES-CCM TKIP ', '11', '2462 3', '0,0', '', '', '', '2014-11-28 11:46:22'),
(57, 57, 'OPN ', '108', '5540 2', '0,0', '', '', '', '2014-11-28 11:46:30'),
(58, 58, 'OPN ', '108', '5540 2', '0,0', '', '', '', '2014-11-28 11:46:42'),
(59, 59, 'OPN ', '108', '5540 2', '0,0', '', '', '', '2014-11-28 11:46:42'),
(60, 60, 'OPN ', '108', '5540 2', '0,0', '', '', '', '2014-11-28 11:46:46'),
(61, 61, 'OPN ', '108', '5540 2', '0,0', '', '', '', '2014-11-28 11:47:42'),
(62, 62, 'OPN ', '133', '5665 6', '0,0', '', '', '', '2014-11-28 11:47:46'),
(63, 63, 'WPA2 AES-CCM ', '1', '2412 21', '0,0', '', '', '', '2014-11-28 11:48:48'),
(64, 64, 'OPN ', '11', '2462 2', '0,0', '', '', '', '2014-11-28 11:49:44'),
(65, 65, 'OPN ', '9', '2452 2', '0,0', '', '', '', '2014-11-28 11:49:44'),
(66, 66, 'OPN ', '11', '2462 2', '0,0', '', '', '', '2014-11-28 11:49:44'),
(67, 67, 'WPA2 WPA AES-CCM TKIP ', '13', '2472 2', '0,0', '', '', '', '2014-11-28 11:49:52'),
(68, 68, 'WPA2 WPA AES-CCM TKIP ', '13', '2472 2', '0,0', '', '', '', '2014-11-28 11:51:06'),
(69, 69, 'OPN ', '108', '5540 2', '0,0', '', '', '', '2014-11-28 11:51:55'),
(70, 70, 'OPN ', '108', '5540 2', '0,0', '', '', '', '2014-11-28 11:52:15'),
(71, 71, 'WPA2 WPA AES-CCM TKIP ', '9', '2452 3', '0,0', '', '', '', '2014-11-28 11:52:44'),
(72, 72, 'WPA2 WPA AES-CCM TKIP ', '9', '2452 2', '0,0', '', '', '', '2014-11-28 11:53:13'),
(73, 73, 'OPN ', '108', '5540 2', '0,0', '', '', '', '2014-11-28 11:54:59'),
(74, 74, 'OPN ', '108', '5540 2', '0,0', '', '', '', '2014-11-28 11:55:36'),
(75, 75, 'WPA2 WPA AES-CCM TKIP ', '11', '2462 2', '0,0', '', '', '', '2014-11-28 11:57:10'),
(76, 76, 'WPA2 WPA AES-CCM TKIP ', '11', '2462 2', '0,0', '', '', '', '2014-11-28 11:58:44'),
(77, 77, 'WPA2 AES-CCM ', '11', '2462 2', '0,0', '', '', '', '2014-11-28 11:58:53'),
(78, 78, 'OPN ', '13', '2472 185', '0,0', '', '', '', '2014-11-28 12:19:28'),
(79, 79, 'WPA2 WPA AES-CCM TKIP ', '13', '2472 90', '0,0', '', '', '', '2014-11-28 12:19:28'),
(80, 80, 'WPA2 WPA AES-CCM TKIP ', '13', '2472 74', '0,0', '', '', '', '2014-11-28 12:19:28'),
(81, 81, 'OPN ', '13', '2472 52', '0,0', '', '', '', '2014-11-28 12:19:28'),
(82, 82, 'WPA2 WPA AES-CCM TKIP ', '13', '2472 105', '0,0', '', '', '', '2014-11-28 12:19:28'),
(83, 83, 'WPA2 WPA AES-CCM TKIP ', '13', '2472 129', '0,0', '', '', '', '2014-11-28 12:19:28'),
(84, 84, 'OPN ', '13', '2472 63', '0,0', '', '', '', '2014-11-28 12:19:28'),
(85, 85, 'WPA2 WPA AES-CCM TKIP ', '13', '2472 182', '0,0', '', '', '', '2014-11-28 12:19:28'),
(86, 86, 'WPA2 WPA AES-CCM TKIP ', '13', '2472 176', '0,0', '', '', '', '2014-11-28 12:19:28'),
(87, 87, 'WPA2 AES-CCM ', '6', '2437 2', '0,0', '', '', '', '2014-11-28 12:19:52'),
(88, 88, 'WPA2 WPA AES-CCM TKIP ', '10', '2457 2', '0,0', '', '', '', '2014-11-28 12:19:52'),
(89, 89, 'WPA2 WPA AES-CCM TKIP ', '10', '2457 2', '0,0', '', '', '', '2014-11-28 12:19:52'),
(90, 90, 'WPA2 WPA AES-CCM TKIP ', '1', '2412 2', '0,0', '', '', '', '2014-11-28 12:22:44'),
(91, 91, 'WPA2 WPA AES-CCM TKIP ', '1', '2412 2', '0,0', '', '', '', '2014-11-28 12:22:44'),
(92, 92, 'OPN ', '6', '2437 21', '0,0', '', '', '', '2014-11-28 12:22:44'),
(93, 93, 'WPA2 WPA AES-CCM TKIP ', '6', '2437 29', '0,0', '', '', '', '2014-11-28 12:22:44'),
(94, 94, 'WPA2 WPA AES-CCM TKIP ', '6', '2437 35', '0,0', '', '', '', '2014-11-28 12:22:44'),
(95, 95, 'WPA2 WPA AES-CCM TKIP ', '1', '2412 24', '0,0', '', '', '', '2014-11-28 12:22:44'),
(96, 96, 'WPA2 WPA AES-CCM TKIP ', '1', '2412 24', '0,0', '', '', '', '2014-11-28 12:22:44'),
(97, 97, 'OPN ', '10', '2457 8', '0,0', '', '', '', '2014-11-28 12:22:44'),
(98, 98, 'OPN ', '1', '2412 6', '0,0', '', '', '', '2014-11-28 12:22:44'),
(99, 99, 'WPA2 WPA AES-CCM TKIP ', '9', '2452 15', '0,0', '', '', '', '2014-11-28 12:22:44'),
(100, 100, 'WPA2 WPA AES-CCM TKIP ', '9', '2452 19', '0,0', '', '', '', '2014-11-28 12:22:44'),
(101, 101, 'OPN ', '9', '2452 10', '0,0', '', '', '', '2014-11-28 12:22:44'),
(102, 102, 'OPN ', '6', '2437 70', '0,0', '', '', '', '2014-11-28 12:22:44'),
(103, 103, 'WPA2 WPA AES-CCM TKIP ', '6', '2437 36', '0,0', '', '', '', '2014-11-28 12:22:44'),
(104, 104, 'WPA2 WPA AES-CCM TKIP ', '6', '2437 42', '0,0', '', '', '', '2014-11-28 12:22:44'),
(105, 105, 'WPA2 WPA AES-CCM TKIP ', '4', '2427 2', '0,0', '', '', '', '2014-11-28 12:22:48'),
(106, 106, 'WPA2 WPA AES-CCM TKIP ', '4', '2427 2', '0,0', '', '', '', '2014-11-28 12:22:48'),
(107, 107, 'WPA2 WPA AES-CCM TKIP ', '1', '2412 2', '0,0', '', '', '', '2014-11-28 12:22:48'),
(108, 108, 'OPN ', '158', '5790 2', '0,0', '', '', '', '2014-11-28 12:22:52'),
(109, 109, 'OPN ', '123', '5615 2', '0,0', '', '', '', '2014-11-28 12:22:52'),
(110, 110, 'OPN ', '113', '5565 2', '0,0', '', '', '', '2014-11-28 12:22:52'),
(111, 111, 'WPA2 WPA AES-CCM TKIP ', '1', '2412 2', '0,0', '', '', '', '2014-11-28 12:22:52'),
(112, 112, 'OPN ', '4', '2427 2', '0,0', '', '', '', '2014-11-28 12:22:56'),
(113, 113, 'OPN ', '1', '2412 2', '0,0', '', '', '', '2014-11-28 12:23:00'),
(114, 114, 'OPN ', '143', '5715 2', '0,0', '', '', '', '2014-11-28 12:23:16'),
(115, 115, 'OPN ', '1', '2412 2', '0,0', '', '', '', '2014-11-28 12:23:16'),
(116, 116, 'OPN ', '118', '5590 2', '0,0', '', '', '', '2014-11-28 12:23:20'),
(117, 117, 'WPA2 WPA AES-CCM TKIP ', '11', '2462 22', '0,0', '', '', '', '2014-11-28 12:23:29'),
(118, 118, 'WPA2 WPA AES-CCM TKIP ', '11', '2462 3', '0,0', '', '', '', '2014-11-28 12:23:33'),
(119, 119, 'WPA2 WPA AES-CCM TKIP ', '11', '2462 2', '0,0', '', '', '', '2014-11-28 12:23:33'),
(120, 120, 'OPN ', '11', '2462 2', '0,0', '', '', '', '2014-11-28 12:23:37'),
(121, 121, 'WPA2 AES-CCM ', '1', '2412 2', '0,0', '', '', '', '2014-11-28 12:23:47'),
(122, 122, 'WPA2 AES-CCM ', '1', '2412 3', '0,0', '', '', '', '2014-11-28 12:23:47');

-- --------------------------------------------------------

--
-- Table structure for table `aps_name`
--

CREATE TABLE IF NOT EXISTS `aps_name` (
  `id` int(11) NOT NULL AUTO_INCREMENT,
  `id_APs` int(11) NOT NULL,
  `Network_Name` varchar(300) NOT NULL,
  PRIMARY KEY (`id`),
  UNIQUE KEY `unique2` (`id_APs`,`Network_Name`),
  UNIQUE KEY `unique_network_name` (`Network_Name`)
) ENGINE=InnoDB  DEFAULT CHARSET=latin1 AUTO_INCREMENT=251 ;

--
-- Dumping data for table `aps_name`
--

INSERT INTO `aps_name` (`id`, `id_APs`, `Network_Name`) VALUES
(158, 0, '#WiFi@Changi'),
(80, 0, '025'),
(75, 0, '32 Accacia Ave'),
(246, 0, 'AAMCO'),
(145, 0, 'ACS-UPB'),
(165, 0, 'Adventure Tours'),
(38, 0, 'ahmet02'),
(140, 0, 'aiss'),
(58, 0, 'alex-wlan'),
(94, 0, 'allied'),
(203, 0, 'Apple Vogel'),
(211, 0, 'APPLE-2'),
(78, 0, 'applefan'),
(126, 0, 'Arran4'),
(235, 0, 'ASUS'),
(239, 0, 'ASUS Black Diamond'),
(169, 0, 'Awesome-HG'),
(111, 0, 'babelfish'),
(238, 0, 'bdays-livefeed'),
(209, 0, 'belkin54g'),
(153, 0, 'BERARIE'),
(181, 0, 'Betty Intern'),
(201, 0, 'BG-04'),
(146, 0, 'BGO-BTT'),
(71, 0, 'Bitdefender_Guest'),
(43, 0, 'Bitterstrawberry 2GHz'),
(180, 0, 'BlackBerry Mobile Hotspot 9936'),
(77, 0, 'BlackBox'),
(103, 0, 'BlackHatEurope2014'),
(241, 0, 'Blu''zz'),
(174, 0, 'Bobiii'),
(245, 0, 'BobLoblawsLawBlog'),
(36, 0, 'Borderlands'),
(110, 0, 'BoschiWorld'),
(76, 0, 'BOX'),
(54, 0, 'Brasil'),
(116, 0, 'c-base-public'),
(248, 0, 'C3-A'),
(67, 0, 'c3h2hacknet'),
(144, 0, 'carbune'),
(192, 0, 'Casa Bucur'),
(129, 0, 'casa maule'),
(229, 0, 'Casa_Bucur'),
(84, 0, 'catariana'),
(236, 0, 'Central bar'),
(233, 0, 'Central Hall'),
(40, 0, 'City'),
(137, 0, 'CoE-wifi'),
(178, 0, 'Colaj'),
(102, 0, 'co_up'),
(105, 0, 'crauti'),
(34, 0, 'Crilex'),
(32, 0, 'Crimi'),
(215, 0, 'CubesatLab'),
(28, 0, 'CurteaBoiereasca'),
(52, 0, 'Cyrom'),
(237, 0, 'Da'),
(61, 0, 'DefCamp'),
(217, 0, 'DefCamp1'),
(225, 0, 'DefCampStaff'),
(33, 0, 'DIGI WIFI 2.4 Web Login'),
(177, 0, 'DIGI WIFI RATC'),
(23, 0, 'dlink'),
(142, 0, 'dlink-dsl'),
(199, 0, 'Drew Home'),
(198, 0, 'DrewHome'),
(114, 0, 'EasyBox-500306'),
(109, 0, 'eaudeweb'),
(188, 0, 'eaudeweb2'),
(39, 0, 'eeuludag'),
(156, 0, 'EF303'),
(172, 0, 'EG208'),
(62, 0, 'EIT-GUEST'),
(205, 0, 'ELASADOR'),
(115, 0, 'ep14'),
(187, 0, 'Europa'),
(194, 0, 'FF Hotspot'),
(228, 0, 'flexiLIVE.com'),
(216, 0, 'fortinet.mesh.root'),
(131, 0, 'Free internet by Yezz Mobile '),
(240, 0, 'Free Wifi OFFICE'),
(121, 0, 'FreeWiFi'),
(122, 0, 'FREEWIFI DEL MONDO'),
(141, 0, 'FSA'),
(168, 0, 'ftes'),
(42, 0, 'fuck-rds'),
(100, 0, 'fuck-rds-too'),
(183, 0, 'GA6BXC'),
(25, 0, 'gabitzu'),
(53, 0, 'Gamma-new'),
(106, 0, 'gian'),
(68, 0, 'Golden Tulip Ana Tower'),
(72, 0, 'Grand Central'),
(101, 0, 'grcc'),
(164, 0, 'grep'),
(29, 0, 'hAiSUS'),
(190, 0, 'hame'),
(185, 0, 'hardc0re'),
(125, 0, 'Hawheyaye Five-0 5G'),
(230, 0, 'HG520s'),
(134, 0, 'HHH'),
(50, 0, 'HHH112'),
(127, 0, 'Hib_H2_Sec'),
(222, 0, 'home'),
(48, 0, 'HomeNet'),
(207, 0, 'IDM Club'),
(218, 0, 'Indigo'),
(221, 0, 'internet'),
(243, 0, 'Jai Bistrot Gradina'),
(242, 0, 'jaibistrot'),
(226, 0, 'JURIDICE'),
(89, 0, 'Kernel Control - Staff'),
(45, 0, 'La Mama Delea Veche'),
(232, 0, 'la Nea'' Nicu'),
(136, 0, 'LIGDemi'),
(26, 0, 'LIMITLESS'),
(31, 0, 'Lincontro'),
(149, 0, 'Link'),
(51, 0, 'linksys'),
(223, 0, 'living'),
(234, 0, 'Lobogo'),
(65, 0, 'luganega'),
(160, 0, 'McCarran WiFi'),
(27, 0, 'McD-Free WIFI'),
(182, 0, 'MingleDB75'),
(70, 0, 'misanthrope'),
(49, 0, 'mtig'),
(66, 0, 'MUK'),
(56, 0, 'mynet'),
(57, 0, 'mynet-car'),
(147, 0, 'noname'),
(143, 0, 'oceanis'),
(63, 0, 'OcioTHoDit'),
(93, 0, 'Orange'),
(152, 0, 'Otopeni Airport'),
(83, 0, 'PARTER'),
(220, 0, 'paulasm'),
(132, 0, 'PensiuneaBittner'),
(166, 0, 'Pilvaxbisztro'),
(157, 0, 'POLITEHNICA'),
(197, 0, 'Pragmatix'),
(47, 0, 'Primarie6'),
(117, 0, 'prizemie'),
(150, 0, 'PUB18'),
(87, 0, 'pufpuf131'),
(82, 0, 'pyon'),
(204, 0, 'Queen Cafe-Restaurant'),
(193, 0, 'Radu.. :)'),
(175, 0, 'ReceptieParadis'),
(167, 0, 'Rendezveny'),
(92, 0, 'RIB'),
(96, 0, 'RomTelecom-WEP-E482'),
(46, 0, 'RomTelecom-WPA-8DB9'),
(213, 0, 'RZB1'),
(212, 0, 'RZB2'),
(86, 0, 's3v3n'),
(97, 0, 'Samsung Plaza'),
(173, 0, 'Sebi bazatu ^_^ :))))'),
(95, 0, 'Secured WiFi'),
(55, 0, 'seedssid'),
(206, 0, 'SERENO'),
(98, 0, 'Servicii Internet-=www.naco.ro=-'),
(24, 0, 'SIEMENS'),
(170, 0, 'SJ4000WIFI63ff7233d808'),
(250, 0, 'SnorKnorThuis'),
(64, 0, 'spaziodati.eu'),
(73, 0, 'Sphynx Soft Romania'),
(133, 0, 'sss'),
(99, 0, 'START GYM'),
(219, 0, 'stl'),
(196, 0, 'streetcafe'),
(171, 0, 'Studentpub'),
(139, 0, 'T-Mobile Broadband26'),
(69, 0, 'T-Mobile Broadband36'),
(202, 0, 'TAC BILIARD personal'),
(90, 0, 'TALKTALK-5C645C'),
(44, 0, 'tataie'),
(113, 0, 'Taverna Nostalgia'),
(186, 0, 'TERASA'),
(41, 0, 'Terasa de la case 1'),
(154, 0, 'TESS BISTRO'),
(224, 0, 'TEST1'),
(30, 0, 'TEXAS'),
(107, 0, 'ThePartyIsHere'),
(189, 0, 'Thomson-3AE24FC'),
(159, 0, 'Tomes of Metal'),
(130, 0, 'Toro Dorado'),
(184, 0, 'Tosj5Xgj'),
(163, 0, 'TP-LINK_610E0C'),
(120, 0, 'TP-LINK_80B26E'),
(138, 0, 'TRYP-Muenchen'),
(128, 0, 'TVLicenceVan-2Gn'),
(195, 0, 'unirea'),
(112, 0, 'UPC1369685'),
(104, 0, 'UPC1373839'),
(214, 0, 'Uzina'),
(22, 0, 'vasilesnetwork'),
(88, 0, 'Vila Nicola'),
(179, 0, 'Vodafone Wi-Fi'),
(191, 0, 'Vodafone-TSO'),
(79, 0, 'Voxility'),
(176, 0, 'Wireless'),
(247, 0, 'wireless-external'),
(35, 0, 'WirelessNet'),
(85, 0, 'Wireless_Geo'),
(155, 0, 'WL520GC'),
(162, 0, 'WLAN-001F3F9F3111'),
(81, 0, 'www.free-wifi.ro'),
(148, 0, 'Y5ZONE at Starbucks'),
(231, 0, 'Yggdrasil'),
(151, 0, 'YohMike'),
(208, 0, 'YOTEL'),
(200, 0, 'Zamolxis-B5'),
(161, 0, '_Heathrow Wi-Fi'),
(91, 0, '_The Cloud'),
(1, 2, 'AROMA COLAJ'),
(2, 3, 'Clatita uriasa'),
(3, 4, 'IULIANA-PC_Network'),
(5, 6, 'Clicknet-0AD8'),
(6, 7, 'mtrPalas'),
(7, 8, 'Clicknet-00D1'),
(8, 9, 'Ants''n''bees'),
(9, 10, 'HONGMIN1'),
(10, 11, 'SANOBERRY'),
(11, 13, 'kashmir'),
(12, 14, 'RomTelecom-WPA-9299'),
(13, 15, 'Mesopotamia'),
(14, 16, 'FreeNetPalas6'),
(15, 17, 'VENETO RESTAURANT'),
(16, 19, 'Restaurant SEAWEED'),
(17, 20, 'Edimax'),
(18, 21, 'Clicknet-C497'),
(19, 22, 'AndroidAP'),
(21, 24, 'FreeNetPalas5'),
(20, 25, 'Vodafone_WiFi'),
(108, 41, 'GPEC Staff'),
(60, 42, 'DefCampDCTF'),
(119, 44, 'N8000'),
(118, 49, 'Z1corrupt'),
(123, 53, 'Vodafone-HotSpot'),
(124, 54, 'GPEC by Euroweb'),
(135, 63, 'www.NetConfig.ro_3G_AP1'),
(210, 77, '22'),
(227, 87, 'kisskissbangbang'),
(4, 116, ''),
(244, 117, 'select'),
(59, 118, 'DefCampDCTF_2.4Ghz'),
(74, 119, 'DefCampStaff_2.4Ghz'),
(37, 120, 'DefCamp_2.4Ghz'),
(249, 122, 'Emz is here *');

-- --------------------------------------------------------

--
-- Table structure for table `sniffed_stations`
--

CREATE TABLE IF NOT EXISTS `sniffed_stations` (
  `id` int(11) NOT NULL AUTO_INCREMENT,
  `id_Ap` int(11) NOT NULL,
  `id_Network_Name` int(11) NOT NULL,
  `Station_Mac` varchar(80) NOT NULL,
  `Station_Power` text NOT NULL,
  PRIMARY KEY (`id`),
  UNIQUE KEY `uniqueStation` (`id_Ap`,`id_Network_Name`,`Station_Mac`)
) ENGINE=InnoDB  DEFAULT CHARSET=latin1 AUTO_INCREMENT=420 ;

--
-- Dumping data for table `sniffed_stations`
--

INSERT INTO `sniffed_stations` (`id`, `id_Ap`, `id_Network_Name`, `Station_Mac`, `Station_Power`) VALUES
(1, 0, 22, 'E4:40:E2:0F:6D:00', '-73'),
(2, 0, 23, 'E4:40:E2:0F:6D:00', '-73'),
(3, 0, 24, 'E4:40:E2:0F:6D:00', '-73'),
(4, 0, 25, 'C0:9F:42:64:62:EA', '-76'),
(5, 0, 26, 'C0:9F:42:64:62:EA', '-76'),
(6, 0, 27, '98:0D:2E:3B:AD:C3', '-59'),
(7, 0, 28, '98:0D:2E:3B:AD:C3', '-59'),
(8, 0, 29, '98:0D:2E:3B:AD:C3', '-59'),
(9, 0, 30, '98:0D:2E:3B:AD:C3', '-59'),
(10, 0, 31, '98:0D:2E:3B:AD:C3', '-59'),
(11, 0, 32, '98:0D:2E:3B:AD:C3', '-59'),
(12, 0, 33, '98:0D:2E:3B:AD:C3', '-59'),
(13, 0, 34, '98:0D:2E:3B:AD:C3', '-59'),
(14, 0, 35, '98:0D:2E:3B:AD:C3', '-59'),
(15, 0, 36, '98:0D:2E:3B:AD:C3', '-59'),
(16, 0, 37, '8C:70:5A:DA:36:08', '-72'),
(17, 0, 38, '8C:3A:E3:5E:06:DD', '-69'),
(18, 0, 39, '8C:3A:E3:5E:06:DD', '-69'),
(19, 0, 40, '88:30:8A:48:FF:3B', '-65'),
(20, 0, 41, '88:30:8A:48:FF:3B', '-65'),
(21, 0, 42, '88:30:8A:48:FF:3B', '-65'),
(22, 0, 43, '88:30:8A:48:FF:3B', '-65'),
(23, 0, 44, '88:30:8A:48:FF:3B', '-65'),
(24, 0, 45, '88:30:8A:48:FF:3B', '-65'),
(25, 0, 46, '88:30:8A:48:FF:3B', '-65'),
(26, 0, 47, '88:30:8A:48:FF:3B', '-65'),
(27, 0, 48, '88:30:8A:48:FF:3B', '-65'),
(28, 0, 49, '84:7A:88:69:1B:6C', '-66'),
(29, 0, 50, '84:7A:88:69:1B:6C', '-66'),
(30, 0, 51, '84:7A:88:69:1B:6C', '-66'),
(31, 0, 52, '84:7A:88:69:1B:6C', '-66'),
(32, 0, 53, '84:7A:88:69:1B:6C', '-66'),
(33, 0, 54, '84:7A:88:69:1B:6C', '-66'),
(34, 0, 55, '84:7A:88:69:1B:6C', '-66'),
(35, 0, 56, '84:7A:88:69:1B:6C', '-66'),
(36, 0, 57, '84:7A:88:69:1B:6C', '-66'),
(37, 0, 58, '84:7A:88:69:1B:6C', '-66'),
(38, 0, 59, '7C:E9:D3:31:CD:23', '-64'),
(39, 0, 59, '78:31:C1:CE:BC:B4', '-69'),
(40, 0, 59, '78:31:C1:BD:16:C2', '-67'),
(41, 0, 59, '74:E5:0B:6E:8F:26', '-59'),
(42, 0, 60, '5C:51:4F:51:30:A6', '-66'),
(43, 0, 59, '48:5D:60:00:FA:40', '-65'),
(44, 0, 61, '40:F3:08:51:D2:E4', '-77'),
(45, 0, 62, '40:B0:FA:64:0C:3F', '-78'),
(46, 0, 63, '40:B0:FA:64:0C:3F', '-78'),
(47, 0, 64, '40:B0:FA:64:0C:3F', '-78'),
(48, 0, 65, '40:B0:FA:64:0C:3F', '-78'),
(49, 0, 66, '28:BA:B5:A8:5A:1C', '-68'),
(50, 0, 67, '24:77:03:29:98:34', '-69'),
(51, 0, 59, '24:0A:64:24:D9:B3', '-60'),
(52, 0, 68, '08:60:6E:2C:79:9D', '-68'),
(53, 0, 69, '08:60:6E:2C:79:9D', '-68'),
(54, 0, 70, '08:60:6E:2C:79:9D', '-68'),
(55, 0, 71, '08:60:6E:2C:79:9D', '-68'),
(56, 0, 72, '08:60:6E:2C:79:9D', '-68'),
(57, 0, 73, '08:60:6E:2C:79:9D', '-68'),
(58, 0, 23, '08:60:6E:2C:79:9D', '-68'),
(59, 0, 71, 'C0:EE:FB:24:1A:A5', '-61'),
(60, 0, 73, 'C0:EE:FB:24:1A:A5', '-61'),
(61, 0, 70, 'C0:EE:FB:24:1A:A5', '-61'),
(62, 0, 75, 'C0:EE:FB:24:1A:A5', '-61'),
(63, 0, 72, 'C0:EE:FB:24:1A:A5', '-61'),
(64, 0, 76, 'C0:EE:FB:24:1A:A5', '-61'),
(65, 0, 77, 'C0:EE:FB:24:1A:A5', '-61'),
(66, 0, 78, '9C:04:EB:CE:CF:DA', '-72'),
(67, 0, 79, '98:0D:2E:3B:AD:C3', '-59'),
(68, 0, 80, '98:0D:2E:3B:AD:C3', '-59'),
(69, 0, 81, '98:0D:2E:3B:AD:C3', '-59'),
(70, 35, 37, '8C:70:5A:DA:36:08', '-72'),
(71, 0, 82, '84:7A:88:69:1B:6C', '-57'),
(72, 0, 83, '84:7A:88:69:1B:6C', '-57'),
(73, 0, 84, '84:7A:88:69:1B:6C', '-57'),
(74, 0, 85, '84:7A:88:69:1B:6C', '-57'),
(75, 37, 59, '7C:E9:D3:31:CD:23', '-64'),
(76, 37, 59, '78:31:C1:CE:BC:B4', '-68'),
(77, 37, 59, '78:31:C1:BD:16:C2', '-67'),
(78, 37, 59, '74:E5:0B:6E:8F:26', '-59'),
(79, 0, 86, '6C:F3:73:CC:E3:CD', '-71'),
(80, 35, 37, '4C:0F:6E:D9:8C:67', '-127'),
(81, 37, 59, '48:5D:60:00:FA:40', '-65'),
(82, 37, 59, '24:0A:64:24:D9:B3', '-127'),
(83, 0, 87, '14:8F:C6:AF:2E:7E', '-62'),
(84, 0, 88, '14:8F:C6:AF:2E:7E', '-62'),
(85, 0, 89, '14:8F:C6:AF:2E:7E', '-62'),
(86, 0, 90, '14:8F:C6:AF:2E:7E', '-62'),
(87, 0, 91, '14:8F:C6:AF:2E:7E', '-62'),
(88, 0, 92, '14:8F:C6:AF:2E:7E', '-62'),
(89, 0, 93, '14:8F:C6:AF:2E:7E', '-62'),
(90, 0, 94, '14:8F:C6:AF:2E:7E', '-62'),
(91, 0, 95, '14:8F:C6:AF:2E:7E', '-62'),
(92, 0, 96, '14:8F:C6:AF:2E:7E', '-62'),
(93, 38, 37, '8C:70:5A:DA:36:08', '-72'),
(94, 38, 37, '4C:0F:6E:D9:8C:67', '-127'),
(95, 38, 37, '34:23:BA:99:0E:B0', '-64'),
(96, 0, 60, '20:C9:D0:86:07:F7', '-71'),
(97, 37, 59, '98:D6:F7:FD:6C:4E', '-73'),
(98, 40, 37, '8C:70:5A:DA:36:08', '-72'),
(99, 0, 97, '88:30:8A:48:FF:3B', '-68'),
(100, 0, 98, '88:30:8A:48:FF:3B', '-68'),
(101, 0, 99, '88:30:8A:48:FF:3B', '-68'),
(102, 0, 100, '88:30:8A:48:FF:3B', '-68'),
(103, 40, 37, '4C:0F:6E:D9:8C:67', '-127'),
(104, 40, 37, '34:23:BA:99:0E:B0', '-61'),
(105, 0, 101, '10:68:3F:48:EF:69', '-63'),
(106, 0, 61, 'B8:E8:56:BE:94:3B', '-72'),
(107, 0, 102, '40:B0:FA:64:0C:3F', '-76'),
(108, 0, 103, '40:B0:FA:64:0C:3F', '-76'),
(109, 0, 104, '40:B0:FA:64:0C:3F', '-76'),
(110, 0, 105, '40:B0:FA:64:0C:3F', '-76'),
(111, 0, 106, '40:B0:FA:64:0C:3F', '-76'),
(112, 0, 107, '40:B0:FA:64:0C:3F', '-76'),
(113, 37, 59, '00:15:AF:08:C7:7B', '-66'),
(114, 0, 109, 'B8:FF:61:E0:E8:9A', '-69'),
(115, 0, 110, 'B8:FF:61:E0:E8:9A', '-69'),
(116, 0, 111, 'B8:FF:61:E0:E8:9A', '-69'),
(117, 0, 112, 'B8:FF:61:E0:E8:9A', '-69'),
(118, 0, 113, 'B8:FF:61:E0:E8:9A', '-69'),
(119, 0, 114, 'B8:FF:61:E0:E8:9A', '-69'),
(120, 0, 115, 'B8:FF:61:E0:E8:9A', '-69'),
(121, 0, 116, 'B8:FF:61:E0:E8:9A', '-69'),
(122, 0, 117, 'B8:FF:61:E0:E8:9A', '-69'),
(123, 43, 59, '98:D6:F7:FD:6C:4E', '-73'),
(124, 43, 59, '7C:E9:D3:31:CD:23', '-64'),
(125, 43, 59, '78:31:C1:CE:BC:B4', '-67'),
(126, 43, 59, '78:31:C1:BD:16:C2', '-67'),
(127, 43, 59, '74:E5:0B:6E:8F:26', '-59'),
(128, 42, 60, '5C:51:4F:51:30:A6', '-66'),
(129, 43, 59, '48:5D:60:00:FA:40', '-65'),
(130, 43, 59, '24:0A:64:24:D9:B3', '-51'),
(131, 42, 60, '20:C9:D0:86:07:F7', '-71'),
(132, 0, 118, '14:7D:C5:99:21:82', '-64'),
(133, 43, 59, '00:15:AF:08:C7:7B', '-66'),
(134, 52, 59, '98:D6:F7:FD:6C:4E', '-73'),
(135, 50, 37, '8C:70:5A:DA:36:08', '-72'),
(136, 52, 59, '7C:E9:D3:31:CD:23', '-64'),
(137, 52, 59, '78:31:C1:CE:BC:B4', '-67'),
(138, 52, 59, '78:31:C1:BD:16:C2', '-67'),
(139, 52, 59, '74:E5:0B:6E:8F:26', '-59'),
(140, 50, 37, '4C:0F:6E:D9:8C:67', '-127'),
(141, 52, 59, '48:5D:60:00:FA:40', '-65'),
(142, 0, 120, '40:B0:FA:64:0C:3F', '-61'),
(143, 0, 121, '40:B0:FA:64:0C:3F', '-61'),
(144, 0, 122, '40:B0:FA:64:0C:3F', '-61'),
(145, 50, 37, '34:23:BA:99:0E:B0', '-66'),
(146, 52, 59, '24:0A:64:24:D9:B3', '-51'),
(147, 49, 118, '14:7D:C5:99:21:82', '-64'),
(148, 52, 59, '00:15:AF:08:C7:7B', '-66'),
(149, 56, 59, '98:D6:F7:FD:6C:4E', '-73'),
(150, 0, 125, '88:12:4E:0B:2E:72', '-61'),
(151, 0, 126, '88:12:4E:0B:2E:72', '-61'),
(152, 0, 127, '88:12:4E:0B:2E:72', '-61'),
(153, 0, 128, '88:12:4E:0B:2E:72', '-61'),
(154, 56, 59, '7C:E9:D3:31:CD:23', '-64'),
(155, 56, 59, '78:31:C1:CE:BC:B4', '-67'),
(156, 56, 59, '78:31:C1:BD:16:C2', '-67'),
(157, 56, 59, '74:E5:0B:6E:8F:26', '-59'),
(158, 56, 59, '48:5D:60:00:FA:40', '-65'),
(159, 56, 59, '24:0A:64:24:D9:B3', '-51'),
(160, 50, 37, '0C:D2:92:67:29:BF', '-57'),
(161, 0, 61, '00:1F:3C:5D:CF:68', '-49'),
(162, 56, 59, '00:15:AF:08:C7:7B', '-66'),
(163, 56, 59, '9C:4E:36:A6:42:44', '-66'),
(164, 0, 129, '40:B0:FA:64:0C:3F', '-68'),
(165, 0, 130, '40:B0:FA:64:0C:3F', '-68'),
(166, 0, 131, 'C0:EE:FB:24:1A:A5', '-64'),
(167, 56, 59, '54:27:1E:27:55:01', '-69'),
(168, 0, 132, '40:F3:08:DF:EB:A5', '-69'),
(169, 56, 59, 'C0:F8:DA:17:DF:CF', '-62'),
(170, 50, 37, 'DC:A9:71:A5:7F:35', ' 0'),
(171, 0, 133, 'CC:A2:23:E0:C4:2C', '-76'),
(172, 56, 59, 'A0:A8:CD:DE:DE:1A', '-69'),
(173, 0, 134, '2C:8A:72:B1:57:87', '-71'),
(174, 0, 136, '84:7A:88:69:1B:6C', '-75'),
(175, 0, 137, '78:4B:87:82:2A:D7', '-76'),
(176, 0, 138, '08:60:6E:2C:79:9D', '-71'),
(177, 0, 139, '08:60:6E:2C:79:9D', '-71'),
(178, 53, 123, '3C:AB:8E:A4:13:EE', '-67'),
(179, 50, 37, 'C0:18:85:28:23:BB', '-69'),
(180, 0, 140, '00:16:EA:E5:C0:0E', '-70'),
(181, 0, 141, '00:16:EA:E5:C0:0E', '-70'),
(182, 66, 37, 'C0:18:85:28:23:BB', '-69'),
(183, 66, 37, '8C:70:5A:DA:36:08', '-77'),
(184, 0, 61, '84:29:99:64:54:0A', '-69'),
(185, 0, 142, 'C0:EE:FB:24:13:A3', '-75'),
(186, 66, 37, 'E8:92:A4:95:31:CA', '-69'),
(187, 66, 37, '84:38:38:8C:7D:0A', '-73'),
(188, 0, 143, '5C:F8:A1:C9:84:A6', '-78'),
(189, 0, 144, '5C:F8:A1:C9:84:A6', '-78'),
(190, 0, 145, 'D8:50:E6:7E:98:A2', '-78'),
(191, 0, 146, 'D8:50:E6:7E:98:A2', '-78'),
(192, 0, 147, 'D8:50:E6:7E:98:A2', '-78'),
(193, 0, 148, 'D8:50:E6:7E:98:A2', '-78'),
(194, 0, 149, 'D8:50:E6:7E:98:A2', '-78'),
(195, 0, 150, 'D8:50:E6:7E:98:A2', '-78'),
(196, 0, 151, 'D8:50:E6:7E:98:A2', '-78'),
(197, 0, 152, 'D8:50:E6:7E:98:A2', '-78'),
(198, 0, 153, 'D8:50:E6:7E:98:A2', '-78'),
(199, 0, 154, 'D8:50:E6:7E:98:A2', '-78'),
(200, 0, 155, 'D8:50:E6:7E:98:A2', '-72'),
(201, 0, 156, 'D8:50:E6:7E:98:A2', '-72'),
(202, 0, 157, 'D8:50:E6:7E:98:A2', '-72'),
(203, 0, 158, 'D8:50:E6:7E:98:A2', '-72'),
(204, 66, 37, '08:08:C2:84:F2:4A', '-68'),
(205, 68, 59, 'FC:F8:AE:35:3D:FB', '-71'),
(206, 68, 59, 'C0:F8:DA:17:DF:CF', '-69'),
(207, 68, 59, 'A0:A8:CD:DE:DE:1A', '-69'),
(208, 68, 59, '9C:4E:36:A6:42:44', '-76'),
(209, 68, 59, '7C:E9:D3:31:CD:23', '-72'),
(210, 68, 59, '54:27:1E:27:55:01', '-71'),
(211, 68, 59, '48:5D:60:00:FA:40', '-71'),
(212, 68, 59, '24:0A:64:24:D9:B3', '-69'),
(213, 0, 159, '08:60:6E:2C:79:9D', '-74'),
(214, 0, 160, '08:60:6E:2C:79:9D', '-74'),
(215, 0, 161, '08:60:6E:2C:79:9D', '-74'),
(216, 0, 61, 'A8:BB:CF:05:4D:AC', '-71'),
(217, 0, 162, '4A:95:07:BB:AE:F9', '-62'),
(218, 0, 163, '4A:95:07:BB:AE:F9', '-62'),
(219, 42, 60, '4A:95:07:BB:AE:F9', '-62'),
(220, 42, 60, '20:C9:D0:88:24:DD', '-62'),
(221, 42, 60, '14:10:9F:F3:72:C4', '-72'),
(222, 0, 164, 'B8:FF:61:E0:E8:9A', '-79'),
(223, 0, 165, 'B8:FF:61:E0:E8:9A', '-79'),
(224, 0, 166, 'B8:FF:61:E0:E8:9A', '-79'),
(225, 0, 167, 'B8:FF:61:E0:E8:9A', '-79'),
(226, 68, 59, '78:31:C1:CE:BC:B4', '-77'),
(227, 0, 168, '10:68:3F:FA:43:7F', '-73'),
(228, 0, 169, '10:68:3F:FA:43:7F', '-73'),
(229, 0, 170, 'B4:07:F9:C9:53:52', '-76'),
(230, 0, 23, '98:0C:82:58:7E:CA', '-72'),
(231, 68, 59, '5C:AC:4C:14:C0:BD', '-72'),
(232, 0, 171, 'D8:50:E6:7E:98:A2', '-74'),
(233, 0, 172, 'D8:50:E6:7E:98:A2', '-74'),
(234, 66, 37, '0C:D2:92:67:29:BF', '-62'),
(235, 66, 37, 'E4:12:1D:2B:83:CF', '-72'),
(236, 66, 37, 'C8:E0:EB:19:5A:6B', '-60'),
(237, 0, 173, '7C:C5:37:34:EC:E1', '-77'),
(238, 0, 174, '7C:C5:37:34:EC:E1', '-77'),
(239, 0, 35, '7C:C5:37:34:EC:E1', '-77'),
(240, 0, 175, '7C:C5:37:34:EC:E1', '-77'),
(241, 0, 176, '7C:C5:37:34:EC:E1', '-77'),
(242, 0, 177, '7C:C5:37:34:EC:E1', '-77'),
(243, 0, 178, '7C:C5:37:34:EC:E1', '-77'),
(244, 0, 179, '7C:C5:37:34:EC:E1', '-77'),
(245, 0, 180, '7C:C5:37:34:EC:E1', '-77'),
(246, 0, 181, '7C:C5:37:34:EC:E1', '-77'),
(247, 0, 182, '08:60:6E:2C:79:9D', '-63'),
(248, 68, 59, '00:C0:CA:75:83:22', '-68'),
(249, 0, 183, 'BC:F5:AC:FF:D1:F7', '-75'),
(250, 0, 184, '14:10:9F:E0:78:05', '-71'),
(251, 66, 37, '24:FD:52:BD:3D:F4', '-63'),
(252, 0, 185, '14:10:9F:E0:78:05', '-71'),
(253, 68, 59, '74:DE:2B:A2:8C:E5', '-68'),
(254, 66, 37, '3C:A9:F4:13:DD:E8', '-66'),
(255, 67, 74, '00:0A:F5:89:89:80', '-68'),
(256, 71, 59, 'FC:F8:AE:35:3D:FB', '-71'),
(257, 71, 59, 'C0:F8:DA:17:DF:CF', '-68'),
(258, 71, 59, 'A0:A8:CD:DE:DE:1A', '-66'),
(259, 71, 59, '9C:4E:36:A6:42:44', '-75'),
(260, 71, 59, '7C:E9:D3:31:CD:23', '-71'),
(261, 71, 59, '78:31:C1:CE:BC:B4', '-78'),
(262, 71, 59, '74:DE:2B:A2:8C:E5', '-68'),
(263, 0, 61, '5C:F9:38:AD:43:30', '-79'),
(264, 71, 59, '5C:AC:4C:14:C0:BD', '-68'),
(265, 71, 59, '54:27:1E:27:55:01', '-67'),
(266, 71, 59, '48:5D:60:00:FA:40', '-72'),
(267, 71, 59, '24:0A:64:24:D9:B3', '-67'),
(268, 71, 59, '00:C0:CA:75:83:22', '-53'),
(269, 72, 74, '00:0A:F5:89:89:80', '-73'),
(270, 0, 186, 'B8:FF:61:E0:E8:9A', '-75'),
(271, 0, 187, 'B8:FF:61:E0:E8:9A', '-75'),
(272, 0, 188, 'B8:FF:61:E0:E8:9A', '-75'),
(273, 54, 124, '02:11:33:33:77:02', '-77'),
(274, 72, 74, '00:1B:9E:5C:25:53', '-61'),
(275, 0, 189, '34:C0:59:9E:8A:56', '-66'),
(276, 0, 190, '34:C0:59:9E:8A:56', '-66'),
(277, 0, 191, '34:C0:59:9E:8A:56', '-66'),
(278, 0, 192, '7C:C5:37:34:EC:E1', '-79'),
(279, 0, 193, '7C:C5:37:34:EC:E1', '-79'),
(280, 71, 59, '74:E5:0B:6E:8F:26', '-69'),
(281, 0, 194, '08:60:6E:2C:79:9D', '-74'),
(282, 0, 195, '7C:C5:37:34:EC:E1', '-77'),
(283, 0, 196, '7C:C5:37:34:EC:E1', '-77'),
(284, 0, 61, '40:F3:08:CF:E1:93', '-69'),
(285, 0, 197, 'C0:18:85:28:23:BB', '-68'),
(286, 71, 59, '78:31:C1:BD:16:C2', '-73'),
(287, 0, 198, 'C0:EE:FB:02:66:BD', '-70'),
(288, 0, 199, 'C0:EE:FB:02:66:BD', '-70'),
(289, 0, 200, 'C0:EE:FB:02:66:BD', '-70'),
(290, 0, 201, 'C0:EE:FB:02:66:BD', '-70'),
(291, 0, 202, 'C0:EE:FB:02:66:BD', '-70'),
(292, 0, 203, 'C0:EE:FB:02:66:BD', '-70'),
(293, 0, 204, 'C0:EE:FB:02:66:BD', '-70'),
(294, 0, 205, 'C0:EE:FB:02:66:BD', '-70'),
(295, 0, 206, 'C0:EE:FB:02:66:BD', '-70'),
(296, 0, 207, 'C0:EE:FB:02:66:BD', '-70'),
(297, 66, 37, '88:30:8A:48:FF:3B', '-74'),
(298, 66, 37, '08:70:45:0D:1C:51', '-74'),
(299, 0, 208, '08:60:6E:2C:79:9D', '-66'),
(300, 0, 209, '7C:C5:37:34:EC:E1', '-78'),
(301, 66, 37, '02:11:33:33:77:02', '-77'),
(302, 75, 59, 'FC:F8:AE:35:3D:FB', '-66'),
(303, 75, 59, 'C0:F8:DA:17:DF:CF', '-70'),
(304, 75, 59, 'A0:A8:CD:DE:DE:1A', '-66'),
(305, 75, 59, '9C:4E:36:A6:42:44', '-127'),
(306, 75, 59, '7C:E9:D3:31:CD:23', '-72'),
(307, 75, 59, '78:31:C1:CE:BC:B4', '-75'),
(308, 75, 59, '78:31:C1:BD:16:C2', '-72'),
(309, 75, 59, '74:E5:0B:6E:8F:26', '-71'),
(310, 75, 59, '74:DE:2B:A2:8C:E5', '-68'),
(311, 75, 59, '5C:AC:4C:14:C0:BD', '-69'),
(312, 75, 59, '54:27:1E:27:55:01', '-72'),
(313, 75, 59, '48:5D:60:00:FA:40', '-72'),
(314, 75, 59, '24:0A:64:24:D9:B3', '-63'),
(315, 75, 59, '00:C0:CA:75:83:22', '-50'),
(316, 0, 210, '44:6D:57:C5:E7:E3', '-72'),
(317, 0, 211, '9C:04:EB:CE:CF:DA', '-76'),
(318, 66, 37, 'DC:86:D8:7A:91:F4', '-76'),
(319, 75, 59, 'AC:72:89:92:B2:A1', '-74'),
(320, 66, 37, '48:9D:24:FD:61:0F', '-68'),
(321, 0, 212, 'A0:ED:CD:CC:5F:24', '-76'),
(322, 0, 213, 'A0:ED:CD:CC:5F:24', '-76'),
(323, 0, 214, '9C:4E:36:A6:42:44', '-72'),
(324, 0, 215, '9C:4E:36:A6:42:44', '-72'),
(325, 76, 74, '00:1B:9E:5C:25:53', '-65'),
(326, 76, 74, '00:0A:F5:89:89:80', '-76'),
(327, 77, 210, '44:6D:57:C5:E7:E3', '-63'),
(328, 0, 216, 'DC:CE:BC:83:EB:74', '-31'),
(329, 0, 217, 'DC:CE:BC:83:EB:74', '-31'),
(330, 66, 37, 'DC:CE:BC:83:EB:74', '-31'),
(331, 0, 218, 'E0:9D:31:31:B1:94', '-79'),
(332, 66, 37, '58:A2:B5:F3:C0:FB', '-59'),
(333, 0, 219, 'A0:ED:CD:CC:5F:24', '-79'),
(334, 75, 59, '48:5A:B6:CF:66:B1', '-70'),
(335, 42, 60, '14:10:9F:E0:78:05', '-72'),
(336, 42, 60, '00:21:5C:75:B3:B7', '-51'),
(337, 0, 26, '40:F3:08:DF:EB:A5', '-78'),
(338, 0, 220, 'E4:40:E2:0F:6D:00', '-66'),
(339, 0, 221, 'E4:40:E2:0F:6D:00', '-66'),
(340, 0, 222, 'E4:40:E2:0F:6D:00', '-66'),
(341, 0, 223, 'E4:40:E2:0F:6D:00', '-66'),
(342, 0, 224, 'E4:40:E2:0F:6D:00', '-66'),
(343, 0, 225, '00:27:10:D0:6E:D0', '-56'),
(344, 84, 37, '10:92:66:19:AB:04', '-75'),
(345, 0, 226, '00:0E:8E:47:C3:35', '-64'),
(346, 84, 37, 'DC:CE:BC:83:EB:74', '-66'),
(347, 84, 37, 'CC:A2:23:E0:C4:2C', '-70'),
(348, 0, 61, 'F0:DB:F8:5B:7D:C8', '-68'),
(349, 0, 228, '00:0E:8E:47:C3:35', '-68'),
(350, 0, 142, 'E4:40:E2:1A:E2:5C', '-58'),
(351, 102, 37, 'DC:CE:BC:83:EB:74', '-14'),
(352, 0, 229, '7C:C5:37:34:EC:E1', '-53'),
(353, 102, 37, '48:74:6E:4B:5D:45', '-51'),
(354, 0, 230, '14:8F:C6:AF:2E:7E', '-58'),
(355, 0, 231, '14:8F:C6:AF:2E:7E', '-58'),
(356, 0, 51, '14:8F:C6:AF:2E:7E', '-58'),
(357, 102, 37, '02:11:33:33:77:02', '-53'),
(358, 102, 37, 'E4:2D:02:27:79:F4', '-51'),
(359, 102, 37, '34:23:BA:99:0E:B0', '-40'),
(360, 112, 37, 'E4:2D:02:27:79:F4', '-51'),
(361, 112, 37, 'DC:CE:BC:83:EB:74', '-14'),
(362, 112, 37, 'C0:18:85:28:23:BB', '-53'),
(363, 112, 37, '48:74:6E:4B:5D:45', '-51'),
(364, 0, 233, '34:4D:F7:57:F6:B0', '-57'),
(365, 0, 234, '34:4D:F7:57:F6:B0', '-57'),
(366, 0, 235, '34:4D:F7:57:F6:B0', '-57'),
(367, 0, 236, '34:4D:F7:57:F6:B0', '-57'),
(368, 0, 237, '34:4D:F7:57:F6:B0', '-57'),
(369, 112, 37, '34:23:BA:99:0E:B0', '-40'),
(370, 112, 37, '02:11:33:33:77:02', '-48'),
(371, 113, 37, 'E4:2D:02:27:79:F4', '-51'),
(372, 113, 37, 'DC:CE:BC:83:EB:74', '-13'),
(373, 113, 37, 'C0:18:85:28:23:BB', '-53'),
(374, 113, 37, 'AC:7B:A1:B4:15:54', '-54'),
(375, 0, 238, '94:39:E5:0C:C2:63', '-49'),
(376, 0, 239, '7C:C5:37:21:23:F8', '-58'),
(377, 0, 240, '7C:C5:37:21:23:F8', '-58'),
(378, 0, 242, '7C:C5:37:21:23:F8', '-58'),
(379, 0, 243, '7C:C5:37:21:23:F8', '-58'),
(380, 113, 37, '48:74:6E:4B:5D:45', '-51'),
(381, 113, 37, '34:23:BA:99:0E:B0', '-40'),
(382, 113, 37, '02:11:33:33:77:02', '-48'),
(383, 113, 37, '44:6D:57:63:D8:2A', '-61'),
(384, 111, 59, 'AC:72:89:92:B2:A1', '-54'),
(385, 111, 59, '54:27:1E:27:55:01', '-53'),
(386, 113, 37, '40:B3:95:5B:67:73', '-37'),
(387, 115, 37, 'E4:2D:02:27:79:F4', '-60'),
(388, 115, 37, 'DC:CE:BC:83:EB:74', '-13'),
(389, 115, 37, 'C0:18:85:28:23:BB', '-53'),
(390, 115, 37, 'AC:7B:A1:B4:15:54', '-54'),
(391, 115, 37, '48:74:6E:4B:5D:45', '-51'),
(392, 115, 37, '44:6D:57:63:D8:2A', '-61'),
(393, 115, 37, '40:B3:95:5B:67:73', '-37'),
(394, 115, 37, '34:23:BA:99:0E:B0', '-40'),
(395, 115, 37, '02:11:33:33:77:02', '-30'),
(396, 111, 59, '00:C0:CA:75:83:22', '-50'),
(397, 115, 37, '40:6F:2A:E5:CE:4D', '-30'),
(398, 115, 37, 'C4:85:08:5C:E8:BF', '-46'),
(399, 0, 245, 'B8:F6:B1:1C:9D:CD', '-67'),
(400, 0, 246, 'B8:F6:B1:1C:9D:CD', '-67'),
(401, 0, 247, 'B8:F6:B1:1C:9D:CD', '-67'),
(402, 0, 248, 'B8:F6:B1:1C:9D:CD', '-67'),
(403, 115, 37, 'B0:9F:BA:EB:B7:BD', '-34'),
(404, 118, 59, 'AC:72:89:92:B2:A1', '-54'),
(405, 118, 59, '54:27:1E:27:55:01', '-53'),
(406, 118, 59, '00:C0:CA:75:83:22', '-40'),
(407, 120, 37, 'E4:2D:02:27:79:F4', '-60'),
(408, 120, 37, 'DC:CE:BC:83:EB:74', '-13'),
(409, 120, 37, 'C4:85:08:5C:E8:BF', '-46'),
(410, 120, 37, 'C0:18:85:28:23:BB', '-53'),
(411, 120, 37, 'B0:9F:BA:EB:B7:BD', '-34'),
(412, 120, 37, 'AC:7B:A1:B4:15:54', '-26'),
(413, 120, 37, '48:74:6E:4B:5D:45', '-51'),
(414, 120, 37, '44:6D:57:63:D8:2A', '-61'),
(415, 120, 37, '40:B3:95:5B:67:73', '-30'),
(416, 120, 37, '40:6F:2A:E5:CE:4D', '-30'),
(417, 120, 37, '34:23:BA:99:0E:B0', '-40'),
(418, 120, 37, '02:11:33:33:77:02', '-24'),
(419, 0, 250, '04:F7:E4:7E:01:14', '-55');

/*!40101 SET CHARACTER_SET_CLIENT=@OLD_CHARACTER_SET_CLIENT */;
/*!40101 SET CHARACTER_SET_RESULTS=@OLD_CHARACTER_SET_RESULTS */;
/*!40101 SET COLLATION_CONNECTION=@OLD_COLLATION_CONNECTION */;
